ClassName,Name,Description,DefaultValue,Required
io.swagger.codegen.v3.generators.dotnet.AspNetCoreServerCodegen,packageName,C# package name (convention: Title.Case).,,
io.swagger.codegen.v3.generators.dotnet.AspNetCoreServerCodegen,packageVersion,C# package version.,,
io.swagger.codegen.v3.generators.dotnet.AspNetCoreServerCodegen,packageGuid,The GUID that will be associated with the C# project,,
io.swagger.codegen.v3.generators.dotnet.AspNetCoreServerCodegen,sourceFolder,source folder for generated code,,
io.swagger.codegen.v3.generators.dotnet.AspNetCoreServerCodegen,preserveNewlinesInComments,Preserve newlines in comments,,
io.swagger.codegen.v3.generators.dotnet.AspNetCoreServerCodegen,sortParamsByRequiredFlag,Sort method arguments to place required parameters before optional parameters.,,
io.swagger.codegen.v3.generators.dotnet.AspNetCoreServerCodegen,useDateTimeOffset,Use DateTimeOffset to model date-time properties,,
io.swagger.codegen.v3.generators.dotnet.AspNetCoreServerCodegen,useCollection,Deserialize array types to Collection<T> instead of List<T>.,,
io.swagger.codegen.v3.generators.dotnet.AspNetCoreServerCodegen,returnICollection,Return ICollection<T> instead of the concrete type.,,
io.swagger.codegen.v3.generators.dotnet.CSharpClientCodegen,packageName,C# package name (convention: Title.Case).,,
io.swagger.codegen.v3.generators.dotnet.CSharpClientCodegen,packageVersion,C# package version.,,
io.swagger.codegen.v3.generators.dotnet.CSharpClientCodegen,sourceFolder,source folder for generated code,,
io.swagger.codegen.v3.generators.dotnet.CSharpClientCodegen,packageGuid,The GUID that will be associated with the C# project,,
io.swagger.codegen.v3.generators.dotnet.CSharpClientCodegen,interfacePrefix,Prefix interfaces with a community standard or widely accepted prefix.,,
io.swagger.codegen.v3.generators.dotnet.CSharpClientCodegen,targetFramework,The target .NET framework version.,,
io.swagger.codegen.v3.generators.dotnet.CSharpClientCodegen,modelPropertyNaming,"Naming convention for the property: 'camelCase', 'PascalCase', 'snake_case' and 'original', which keeps the original name",,
io.swagger.codegen.v3.generators.dotnet.CSharpClientCodegen,hideGenerationTimestamp,Hides the generation timestamp when files are generated.,,
io.swagger.codegen.v3.generators.dotnet.CSharpClientCodegen,sortParamsByRequiredFlag,Sort method arguments to place required parameters before optional parameters.,,
io.swagger.codegen.v3.generators.dotnet.CSharpClientCodegen,useDateTimeOffset,Use DateTimeOffset to model date-time properties,,
io.swagger.codegen.v3.generators.dotnet.CSharpClientCodegen,useCollection,Deserialize array types to Collection<T> instead of List<T>.,,
io.swagger.codegen.v3.generators.dotnet.CSharpClientCodegen,returnICollection,Return ICollection<T> instead of the concrete type.,,
io.swagger.codegen.v3.generators.dotnet.CSharpClientCodegen,optionalMethodArgument,"C# Optional method argument, e.g. void square(int x=10) (.net 4.0+ only).",,
io.swagger.codegen.v3.generators.dotnet.CSharpClientCodegen,optionalAssemblyInfo,Generate AssemblyInfo.cs.,,
io.swagger.codegen.v3.generators.dotnet.CSharpClientCodegen,optionalProjectFile,Generate {PackageName}.csproj.,,
io.swagger.codegen.v3.generators.dotnet.CSharpClientCodegen,optionalEmitDefaultValues,Set DataMember's EmitDefaultValue.,,
io.swagger.codegen.v3.generators.dotnet.CSharpClientCodegen,generatePropertyChanged,Specifies a AssemblyDescription for the .NET Framework global assembly attributes stored in the AssemblyInfo file.,,
io.swagger.codegen.v3.generators.dotnet.CSharpClientCodegen,nonPublicApi,Generates code with reduced access modifiers; allows embedding elsewhere without exposing non-public API calls to consumers.,,
io.swagger.codegen.v3.generators.dotnet.CSharpClientCodegen,allowUnicodeIdentifiers,"boolean, toggles whether unicode identifiers are allowed in names or not, default is false",,
io.swagger.codegen.v3.generators.dotnet.CSharpClientCodegen,netCoreProjectFile,Use the new format (.NET Core) for .NET project files (.csproj).,,
io.swagger.codegen.v3.generators.dotnet.CSharpClientCodegen,validatable,Generates self-validatable models.,,
io.swagger.codegen.v3.generators.dotnet.CsharpDotNet2ClientCodegen,packageName,C# package name (convention: Camel.Case).,,
io.swagger.codegen.v3.generators.dotnet.CsharpDotNet2ClientCodegen,packageVersion,C# package version.,,
io.swagger.codegen.v3.generators.dotnet.CsharpDotNet2ClientCodegen,clientPackage,C# client package name (convention: Camel.Case).,,
io.swagger.codegen.v3.generators.html.StaticDocCodegen,sortParamsByRequiredFlag,Sort method arguments to place required parameters before optional parameters.,,
io.swagger.codegen.v3.generators.html.StaticDocCodegen,ensureUniqueParams,Whether to ensure parameter names are unique in an operation (rename parameters that are not).,,
io.swagger.codegen.v3.generators.html.StaticDocCodegen,allowUnicodeIdentifiers,"boolean, toggles whether unicode identifiers are allowed in names or not, default is false",,
io.swagger.codegen.v3.generators.html.StaticDocCodegen,invokerPackage,root package for generated code,,
io.swagger.codegen.v3.generators.html.StaticDocCodegen,groupId,groupId in generated pom.xml,,
io.swagger.codegen.v3.generators.html.StaticDocCodegen,artifactId,artifactId in generated pom.xml,,
io.swagger.codegen.v3.generators.html.StaticDocCodegen,artifactVersion,artifact version in generated pom.xml,,
io.swagger.codegen.v3.generators.html.StaticHtml2Codegen,sortParamsByRequiredFlag,Sort method arguments to place required parameters before optional parameters.,,
io.swagger.codegen.v3.generators.html.StaticHtml2Codegen,ensureUniqueParams,Whether to ensure parameter names are unique in an operation (rename parameters that are not).,,
io.swagger.codegen.v3.generators.html.StaticHtml2Codegen,allowUnicodeIdentifiers,"boolean, toggles whether unicode identifiers are allowed in names or not, default is false",,
io.swagger.codegen.v3.generators.html.StaticHtml2Codegen,appName,short name of the application,,
io.swagger.codegen.v3.generators.html.StaticHtml2Codegen,appDescription,description of the application,,
io.swagger.codegen.v3.generators.html.StaticHtml2Codegen,infoUrl,a URL where users can get more information about the application,,
io.swagger.codegen.v3.generators.html.StaticHtml2Codegen,infoEmail,an email address to contact for inquiries about the application,,
io.swagger.codegen.v3.generators.html.StaticHtml2Codegen,licenseInfo,a short description of the license,,
io.swagger.codegen.v3.generators.html.StaticHtml2Codegen,licenseUrl,a URL pointing to the full license,,
io.swagger.codegen.v3.generators.html.StaticHtml2Codegen,invokerPackage,root package for generated code,,
io.swagger.codegen.v3.generators.html.StaticHtml2Codegen,phpInvokerPackage,root package for generated php code,,
io.swagger.codegen.v3.generators.html.StaticHtml2Codegen,perlModuleName,root module name for generated perl code,,
io.swagger.codegen.v3.generators.html.StaticHtml2Codegen,pythonPackageName,package name for generated python code,,
io.swagger.codegen.v3.generators.html.StaticHtml2Codegen,packageName,C# package name,,
io.swagger.codegen.v3.generators.html.StaticHtml2Codegen,groupId,groupId in generated pom.xml,,
io.swagger.codegen.v3.generators.html.StaticHtml2Codegen,artifactId,artifactId in generated pom.xml,,
io.swagger.codegen.v3.generators.html.StaticHtml2Codegen,artifactVersion,artifact version in generated pom.xml,,
io.swagger.codegen.v3.generators.html.StaticHtmlCodegen,sortParamsByRequiredFlag,Sort method arguments to place required parameters before optional parameters.,,
io.swagger.codegen.v3.generators.html.StaticHtmlCodegen,ensureUniqueParams,Whether to ensure parameter names are unique in an operation (rename parameters that are not).,,
io.swagger.codegen.v3.generators.html.StaticHtmlCodegen,allowUnicodeIdentifiers,"boolean, toggles whether unicode identifiers are allowed in names or not, default is false",,
io.swagger.codegen.v3.generators.html.StaticHtmlCodegen,appName,short name of the application,,
io.swagger.codegen.v3.generators.html.StaticHtmlCodegen,appDescription,description of the application,,
io.swagger.codegen.v3.generators.html.StaticHtmlCodegen,infoUrl,a URL where users can get more information about the application,,
io.swagger.codegen.v3.generators.html.StaticHtmlCodegen,infoEmail,an email address to contact for inquiries about the application,,
io.swagger.codegen.v3.generators.html.StaticHtmlCodegen,licenseInfo,a short description of the license,,
io.swagger.codegen.v3.generators.html.StaticHtmlCodegen,licenseUrl,a URL pointing to the full license,,
io.swagger.codegen.v3.generators.html.StaticHtmlCodegen,invokerPackage,root package for generated code,,
io.swagger.codegen.v3.generators.html.StaticHtmlCodegen,groupId,groupId in generated pom.xml,,
io.swagger.codegen.v3.generators.html.StaticHtmlCodegen,artifactId,artifactId in generated pom.xml,,
io.swagger.codegen.v3.generators.html.StaticHtmlCodegen,artifactVersion,artifact version in generated pom.xml,,
io.swagger.codegen.v3.generators.java.JavaCXFClientCodegen,sortParamsByRequiredFlag,Sort method arguments to place required parameters before optional parameters.,,
io.swagger.codegen.v3.generators.java.JavaCXFClientCodegen,ensureUniqueParams,Whether to ensure parameter names are unique in an operation (rename parameters that are not).,,
io.swagger.codegen.v3.generators.java.JavaCXFClientCodegen,allowUnicodeIdentifiers,"boolean, toggles whether unicode identifiers are allowed in names or not, default is false",,
io.swagger.codegen.v3.generators.java.JavaCXFClientCodegen,modelPackage,package for generated models,,
io.swagger.codegen.v3.generators.java.JavaCXFClientCodegen,apiPackage,package for generated api classes,,
io.swagger.codegen.v3.generators.java.JavaCXFClientCodegen,invokerPackage,root package for generated code,,
io.swagger.codegen.v3.generators.java.JavaCXFClientCodegen,groupId,groupId in generated pom.xml,,
io.swagger.codegen.v3.generators.java.JavaCXFClientCodegen,artifactId,artifactId in generated pom.xml,,
io.swagger.codegen.v3.generators.java.JavaCXFClientCodegen,artifactVersion,artifact version in generated pom.xml,,
io.swagger.codegen.v3.generators.java.JavaCXFClientCodegen,artifactUrl,artifact URL in generated pom.xml,,
io.swagger.codegen.v3.generators.java.JavaCXFClientCodegen,artifactDescription,artifact description in generated pom.xml,,
io.swagger.codegen.v3.generators.java.JavaCXFClientCodegen,scmConnection,SCM connection in generated pom.xml,,
io.swagger.codegen.v3.generators.java.JavaCXFClientCodegen,scmDeveloperConnection,SCM developer connection in generated pom.xml,,
io.swagger.codegen.v3.generators.java.JavaCXFClientCodegen,scmUrl,SCM URL in generated pom.xml,,
io.swagger.codegen.v3.generators.java.JavaCXFClientCodegen,developerName,developer name in generated pom.xml,,
io.swagger.codegen.v3.generators.java.JavaCXFClientCodegen,developerEmail,developer email in generated pom.xml,,
io.swagger.codegen.v3.generators.java.JavaCXFClientCodegen,developerOrganization,developer organization in generated pom.xml,,
io.swagger.codegen.v3.generators.java.JavaCXFClientCodegen,developerOrganizationUrl,developer organization URL in generated pom.xml,,
io.swagger.codegen.v3.generators.java.JavaCXFClientCodegen,licenseName,The name of the license,,
io.swagger.codegen.v3.generators.java.JavaCXFClientCodegen,licenseUrl,The URL of the license,,
io.swagger.codegen.v3.generators.java.JavaCXFClientCodegen,sourceFolder,source folder for generated code,,
io.swagger.codegen.v3.generators.java.JavaCXFClientCodegen,localVariablePrefix,prefix for generated code members and local variables,,
io.swagger.codegen.v3.generators.java.JavaCXFClientCodegen,serializableModel,"boolean - toggle ""implements Serializable"" for generated models",,
io.swagger.codegen.v3.generators.java.JavaCXFClientCodegen,bigDecimalAsString,Treat BigDecimal values as Strings to avoid precision loss.,,
io.swagger.codegen.v3.generators.java.JavaCXFClientCodegen,fullJavaUtil,whether to use fully qualified name for classes under java.util. This option only works for Java API client,,
io.swagger.codegen.v3.generators.java.JavaCXFClientCodegen,hideGenerationTimestamp,Hides the generation timestamp when files are generated.,,
io.swagger.codegen.v3.generators.java.JavaCXFClientCodegen,withXml,whether to include support for application/xml content type and include XML annotations in the model (works with libraries that provide support for JSON and XML),,
io.swagger.codegen.v3.generators.java.JavaCXFClientCodegen,useOas2,use OpenAPI v2.0 (Swagger 1.5.x),,
io.swagger.codegen.v3.generators.java.JavaCXFClientCodegen,dateLibrary,Option. Date library to use,,
io.swagger.codegen.v3.generators.java.JavaCXFClientCodegen,java8,Option. Use Java8 classes instead of third party equivalents,,
io.swagger.codegen.v3.generators.java.JavaCXFClientCodegen,useBeanValidation,Use BeanValidation API annotations,,
io.swagger.codegen.v3.generators.java.JavaCXFClientCodegen,useGzipFeatureForTests,Use Gzip Feature for tests,,
io.swagger.codegen.v3.generators.java.JavaCXFClientCodegen,useLoggingFeatureForTests,Use Logging Feature for tests,,
io.swagger.codegen.v3.generators.java.JavaCXFClientCodegen,useGenericResponse,Use generic response,,
io.swagger.codegen.v3.generators.java.JavaCXFServerCodegen,sortParamsByRequiredFlag,Sort method arguments to place required parameters before optional parameters.,,
io.swagger.codegen.v3.generators.java.JavaCXFServerCodegen,ensureUniqueParams,Whether to ensure parameter names are unique in an operation (rename parameters that are not).,,
io.swagger.codegen.v3.generators.java.JavaCXFServerCodegen,allowUnicodeIdentifiers,"boolean, toggles whether unicode identifiers are allowed in names or not, default is false",,
io.swagger.codegen.v3.generators.java.JavaCXFServerCodegen,modelPackage,package for generated models,,
io.swagger.codegen.v3.generators.java.JavaCXFServerCodegen,apiPackage,package for generated api classes,,
io.swagger.codegen.v3.generators.java.JavaCXFServerCodegen,invokerPackage,root package for generated code,,
io.swagger.codegen.v3.generators.java.JavaCXFServerCodegen,groupId,groupId in generated pom.xml,,
io.swagger.codegen.v3.generators.java.JavaCXFServerCodegen,artifactId,artifactId in generated pom.xml,,
io.swagger.codegen.v3.generators.java.JavaCXFServerCodegen,artifactVersion,artifact version in generated pom.xml,,
io.swagger.codegen.v3.generators.java.JavaCXFServerCodegen,artifactUrl,artifact URL in generated pom.xml,,
io.swagger.codegen.v3.generators.java.JavaCXFServerCodegen,artifactDescription,artifact description in generated pom.xml,,
io.swagger.codegen.v3.generators.java.JavaCXFServerCodegen,scmConnection,SCM connection in generated pom.xml,,
io.swagger.codegen.v3.generators.java.JavaCXFServerCodegen,scmDeveloperConnection,SCM developer connection in generated pom.xml,,
io.swagger.codegen.v3.generators.java.JavaCXFServerCodegen,scmUrl,SCM URL in generated pom.xml,,
io.swagger.codegen.v3.generators.java.JavaCXFServerCodegen,developerName,developer name in generated pom.xml,,
io.swagger.codegen.v3.generators.java.JavaCXFServerCodegen,developerEmail,developer email in generated pom.xml,,
io.swagger.codegen.v3.generators.java.JavaCXFServerCodegen,developerOrganization,developer organization in generated pom.xml,,
io.swagger.codegen.v3.generators.java.JavaCXFServerCodegen,developerOrganizationUrl,developer organization URL in generated pom.xml,,
io.swagger.codegen.v3.generators.java.JavaCXFServerCodegen,licenseName,The name of the license,,
io.swagger.codegen.v3.generators.java.JavaCXFServerCodegen,licenseUrl,The URL of the license,,
io.swagger.codegen.v3.generators.java.JavaCXFServerCodegen,sourceFolder,source folder for generated code,,
io.swagger.codegen.v3.generators.java.JavaCXFServerCodegen,localVariablePrefix,prefix for generated code members and local variables,,
io.swagger.codegen.v3.generators.java.JavaCXFServerCodegen,serializableModel,"boolean - toggle ""implements Serializable"" for generated models",,
io.swagger.codegen.v3.generators.java.JavaCXFServerCodegen,bigDecimalAsString,Treat BigDecimal values as Strings to avoid precision loss.,,
io.swagger.codegen.v3.generators.java.JavaCXFServerCodegen,fullJavaUtil,whether to use fully qualified name for classes under java.util. This option only works for Java API client,,
io.swagger.codegen.v3.generators.java.JavaCXFServerCodegen,hideGenerationTimestamp,Hides the generation timestamp when files are generated.,,
io.swagger.codegen.v3.generators.java.JavaCXFServerCodegen,withXml,whether to include support for application/xml content type and include XML annotations in the model (works with libraries that provide support for JSON and XML),,
io.swagger.codegen.v3.generators.java.JavaCXFServerCodegen,useOas2,use OpenAPI v2.0 (Swagger 1.5.x),,
io.swagger.codegen.v3.generators.java.JavaCXFServerCodegen,dateLibrary,Option. Date library to use,,
io.swagger.codegen.v3.generators.java.JavaCXFServerCodegen,java8,Option. Use Java8 classes instead of third party equivalents,,
io.swagger.codegen.v3.generators.java.JavaCXFServerCodegen,implFolder,folder for generated implementation code,,
io.swagger.codegen.v3.generators.java.JavaCXFServerCodegen,title,a title describing the application,,
io.swagger.codegen.v3.generators.java.JavaCXFServerCodegen,useBeanValidation,Use BeanValidation API annotations,,
io.swagger.codegen.v3.generators.java.JavaCXFServerCodegen,serverPort,The port on which the server should be started,,
io.swagger.codegen.v3.generators.java.JavaCXFServerCodegen,generateSpringApplication,Generate Spring application,,
io.swagger.codegen.v3.generators.java.JavaCXFServerCodegen,useSpringAnnotationConfig,Use Spring Annotation Config,,
io.swagger.codegen.v3.generators.java.JavaCXFServerCodegen,useSwaggerFeature,Use Swagger Feature,,
io.swagger.codegen.v3.generators.java.JavaCXFServerCodegen,useSwaggerUI,Use Swagger UI,,
io.swagger.codegen.v3.generators.java.JavaCXFServerCodegen,useWadlFeature,Use WADL Feature,,
io.swagger.codegen.v3.generators.java.JavaCXFServerCodegen,useMultipartFeature,Use Multipart Feature,,
io.swagger.codegen.v3.generators.java.JavaCXFServerCodegen,useGzipFeature,Use Gzip Feature,,
io.swagger.codegen.v3.generators.java.JavaCXFServerCodegen,useGzipFeatureForTests,Use Gzip Feature for tests,,
io.swagger.codegen.v3.generators.java.JavaCXFServerCodegen,useBeanValidationFeature,Use BeanValidation Feature,,
io.swagger.codegen.v3.generators.java.JavaCXFServerCodegen,useLoggingFeature,Use Logging Feature,,
io.swagger.codegen.v3.generators.java.JavaCXFServerCodegen,useLoggingFeatureForTests,Use Logging Feature for tests,,
io.swagger.codegen.v3.generators.java.JavaCXFServerCodegen,generateSpringBootApplication,Generate Spring Boot application,,
io.swagger.codegen.v3.generators.java.JavaCXFServerCodegen,generateJbossDeploymentDescriptor,Generate Jboss Deployment Descriptor,,
io.swagger.codegen.v3.generators.java.JavaCXFServerCodegen,addConsumesProducesJson,Add @Consumes/@Produces Json to API interface,,
io.swagger.codegen.v3.generators.java.JavaCXFServerCodegen,useAnnotatedBasePath,Use @Path annotations for basePath,,
io.swagger.codegen.v3.generators.java.JavaCXFServerCodegen,generateNonSpringApplication,Generate non-Spring application,,
io.swagger.codegen.v3.generators.java.JavaCXFServerCodegen,useGenericResponse,Use generic response,,
io.swagger.codegen.v3.generators.java.JavaClientCodegen,sortParamsByRequiredFlag,Sort method arguments to place required parameters before optional parameters.,,
io.swagger.codegen.v3.generators.java.JavaClientCodegen,ensureUniqueParams,Whether to ensure parameter names are unique in an operation (rename parameters that are not).,,
io.swagger.codegen.v3.generators.java.JavaClientCodegen,allowUnicodeIdentifiers,"boolean, toggles whether unicode identifiers are allowed in names or not, default is false",,
io.swagger.codegen.v3.generators.java.JavaClientCodegen,modelPackage,package for generated models,,
io.swagger.codegen.v3.generators.java.JavaClientCodegen,apiPackage,package for generated api classes,,
io.swagger.codegen.v3.generators.java.JavaClientCodegen,invokerPackage,root package for generated code,,
io.swagger.codegen.v3.generators.java.JavaClientCodegen,groupId,groupId in generated pom.xml,,
io.swagger.codegen.v3.generators.java.JavaClientCodegen,artifactId,artifactId in generated pom.xml,,
io.swagger.codegen.v3.generators.java.JavaClientCodegen,artifactVersion,artifact version in generated pom.xml,,
io.swagger.codegen.v3.generators.java.JavaClientCodegen,artifactUrl,artifact URL in generated pom.xml,,
io.swagger.codegen.v3.generators.java.JavaClientCodegen,artifactDescription,artifact description in generated pom.xml,,
io.swagger.codegen.v3.generators.java.JavaClientCodegen,scmConnection,SCM connection in generated pom.xml,,
io.swagger.codegen.v3.generators.java.JavaClientCodegen,scmDeveloperConnection,SCM developer connection in generated pom.xml,,
io.swagger.codegen.v3.generators.java.JavaClientCodegen,scmUrl,SCM URL in generated pom.xml,,
io.swagger.codegen.v3.generators.java.JavaClientCodegen,developerName,developer name in generated pom.xml,,
io.swagger.codegen.v3.generators.java.JavaClientCodegen,developerEmail,developer email in generated pom.xml,,
io.swagger.codegen.v3.generators.java.JavaClientCodegen,developerOrganization,developer organization in generated pom.xml,,
io.swagger.codegen.v3.generators.java.JavaClientCodegen,developerOrganizationUrl,developer organization URL in generated pom.xml,,
io.swagger.codegen.v3.generators.java.JavaClientCodegen,licenseName,The name of the license,,
io.swagger.codegen.v3.generators.java.JavaClientCodegen,licenseUrl,The URL of the license,,
io.swagger.codegen.v3.generators.java.JavaClientCodegen,sourceFolder,source folder for generated code,,
io.swagger.codegen.v3.generators.java.JavaClientCodegen,localVariablePrefix,prefix for generated code members and local variables,,
io.swagger.codegen.v3.generators.java.JavaClientCodegen,serializableModel,"boolean - toggle ""implements Serializable"" for generated models",,
io.swagger.codegen.v3.generators.java.JavaClientCodegen,bigDecimalAsString,Treat BigDecimal values as Strings to avoid precision loss.,,
io.swagger.codegen.v3.generators.java.JavaClientCodegen,fullJavaUtil,whether to use fully qualified name for classes under java.util. This option only works for Java API client,,
io.swagger.codegen.v3.generators.java.JavaClientCodegen,hideGenerationTimestamp,Hides the generation timestamp when files are generated.,,
io.swagger.codegen.v3.generators.java.JavaClientCodegen,withXml,whether to include support for application/xml content type and include XML annotations in the model (works with libraries that provide support for JSON and XML),,
io.swagger.codegen.v3.generators.java.JavaClientCodegen,useOas2,use OpenAPI v2.0 (Swagger 1.5.x),,
io.swagger.codegen.v3.generators.java.JavaClientCodegen,dateLibrary,Option. Date library to use,,
io.swagger.codegen.v3.generators.java.JavaClientCodegen,java8,Option. Use Java8 classes instead of third party equivalents,,
io.swagger.codegen.v3.generators.java.JavaClientCodegen,useRxJava,Whether to use the RxJava adapter with the retrofit2 library.,,
io.swagger.codegen.v3.generators.java.JavaClientCodegen,useRxJava2,Whether to use the RxJava2 adapter with the retrofit2 library.,,
io.swagger.codegen.v3.generators.java.JavaClientCodegen,parcelableModel,Whether to generate models for Android that implement Parcelable with the okhttp-gson library.,,
io.swagger.codegen.v3.generators.java.JavaClientCodegen,usePlayWS,Use Play! Async HTTP client (Play WS API),,
io.swagger.codegen.v3.generators.java.JavaClientCodegen,playVersion,"Version of Play! Framework (possible values ""play24"", ""play25"")",,
io.swagger.codegen.v3.generators.java.JavaClientCodegen,supportJava6,Whether to support Java6 with the Jersey1 library.,,
io.swagger.codegen.v3.generators.java.JavaClientCodegen,useBeanValidation,Use BeanValidation API annotations,,
io.swagger.codegen.v3.generators.java.JavaClientCodegen,performBeanValidation,Perform BeanValidation,,
io.swagger.codegen.v3.generators.java.JavaClientCodegen,useGzipFeature,Send gzip-encoded requests,,
io.swagger.codegen.v3.generators.java.JavaClientCodegen,useRuntimeException,Use RuntimeException instead of Exception,,
io.swagger.codegen.v3.generators.java.JavaClientCodegen,library,library template (sub-template) to use,,
io.swagger.codegen.v3.generators.java.JavaInflectorServerCodegen,sortParamsByRequiredFlag,Sort method arguments to place required parameters before optional parameters.,,
io.swagger.codegen.v3.generators.java.JavaInflectorServerCodegen,ensureUniqueParams,Whether to ensure parameter names are unique in an operation (rename parameters that are not).,,
io.swagger.codegen.v3.generators.java.JavaInflectorServerCodegen,allowUnicodeIdentifiers,"boolean, toggles whether unicode identifiers are allowed in names or not, default is false",,
io.swagger.codegen.v3.generators.java.JavaInflectorServerCodegen,modelPackage,package for generated models,,
io.swagger.codegen.v3.generators.java.JavaInflectorServerCodegen,apiPackage,package for generated api classes,,
io.swagger.codegen.v3.generators.java.JavaInflectorServerCodegen,invokerPackage,root package for generated code,,
io.swagger.codegen.v3.generators.java.JavaInflectorServerCodegen,groupId,groupId in generated pom.xml,,
io.swagger.codegen.v3.generators.java.JavaInflectorServerCodegen,artifactId,artifactId in generated pom.xml,,
io.swagger.codegen.v3.generators.java.JavaInflectorServerCodegen,artifactVersion,artifact version in generated pom.xml,,
io.swagger.codegen.v3.generators.java.JavaInflectorServerCodegen,artifactUrl,artifact URL in generated pom.xml,,
io.swagger.codegen.v3.generators.java.JavaInflectorServerCodegen,artifactDescription,artifact description in generated pom.xml,,
io.swagger.codegen.v3.generators.java.JavaInflectorServerCodegen,scmConnection,SCM connection in generated pom.xml,,
io.swagger.codegen.v3.generators.java.JavaInflectorServerCodegen,scmDeveloperConnection,SCM developer connection in generated pom.xml,,
io.swagger.codegen.v3.generators.java.JavaInflectorServerCodegen,scmUrl,SCM URL in generated pom.xml,,
io.swagger.codegen.v3.generators.java.JavaInflectorServerCodegen,developerName,developer name in generated pom.xml,,
io.swagger.codegen.v3.generators.java.JavaInflectorServerCodegen,developerEmail,developer email in generated pom.xml,,
io.swagger.codegen.v3.generators.java.JavaInflectorServerCodegen,developerOrganization,developer organization in generated pom.xml,,
io.swagger.codegen.v3.generators.java.JavaInflectorServerCodegen,developerOrganizationUrl,developer organization URL in generated pom.xml,,
io.swagger.codegen.v3.generators.java.JavaInflectorServerCodegen,licenseName,The name of the license,,
io.swagger.codegen.v3.generators.java.JavaInflectorServerCodegen,licenseUrl,The URL of the license,,
io.swagger.codegen.v3.generators.java.JavaInflectorServerCodegen,sourceFolder,source folder for generated code,,
io.swagger.codegen.v3.generators.java.JavaInflectorServerCodegen,localVariablePrefix,prefix for generated code members and local variables,,
io.swagger.codegen.v3.generators.java.JavaInflectorServerCodegen,serializableModel,"boolean - toggle ""implements Serializable"" for generated models",,
io.swagger.codegen.v3.generators.java.JavaInflectorServerCodegen,bigDecimalAsString,Treat BigDecimal values as Strings to avoid precision loss.,,
io.swagger.codegen.v3.generators.java.JavaInflectorServerCodegen,fullJavaUtil,whether to use fully qualified name for classes under java.util. This option only works for Java API client,,
io.swagger.codegen.v3.generators.java.JavaInflectorServerCodegen,hideGenerationTimestamp,Hides the generation timestamp when files are generated.,,
io.swagger.codegen.v3.generators.java.JavaInflectorServerCodegen,withXml,whether to include support for application/xml content type and include XML annotations in the model (works with libraries that provide support for JSON and XML),,
io.swagger.codegen.v3.generators.java.JavaInflectorServerCodegen,useOas2,use OpenAPI v2.0 (Swagger 1.5.x),,
io.swagger.codegen.v3.generators.java.JavaInflectorServerCodegen,dateLibrary,Option. Date library to use,,
io.swagger.codegen.v3.generators.java.JavaInflectorServerCodegen,java8,Option. Use Java8 classes instead of third party equivalents,,
io.swagger.codegen.v3.generators.java.JavaJAXRSCXFCDIServerCodegen,sortParamsByRequiredFlag,Sort method arguments to place required parameters before optional parameters.,,
io.swagger.codegen.v3.generators.java.JavaJAXRSCXFCDIServerCodegen,ensureUniqueParams,Whether to ensure parameter names are unique in an operation (rename parameters that are not).,,
io.swagger.codegen.v3.generators.java.JavaJAXRSCXFCDIServerCodegen,allowUnicodeIdentifiers,"boolean, toggles whether unicode identifiers are allowed in names or not, default is false",,
io.swagger.codegen.v3.generators.java.JavaJAXRSCXFCDIServerCodegen,modelPackage,package for generated models,,
io.swagger.codegen.v3.generators.java.JavaJAXRSCXFCDIServerCodegen,apiPackage,package for generated api classes,,
io.swagger.codegen.v3.generators.java.JavaJAXRSCXFCDIServerCodegen,invokerPackage,root package for generated code,,
io.swagger.codegen.v3.generators.java.JavaJAXRSCXFCDIServerCodegen,groupId,groupId in generated pom.xml,,
io.swagger.codegen.v3.generators.java.JavaJAXRSCXFCDIServerCodegen,artifactId,artifactId in generated pom.xml,,
io.swagger.codegen.v3.generators.java.JavaJAXRSCXFCDIServerCodegen,artifactVersion,artifact version in generated pom.xml,,
io.swagger.codegen.v3.generators.java.JavaJAXRSCXFCDIServerCodegen,artifactUrl,artifact URL in generated pom.xml,,
io.swagger.codegen.v3.generators.java.JavaJAXRSCXFCDIServerCodegen,artifactDescription,artifact description in generated pom.xml,,
io.swagger.codegen.v3.generators.java.JavaJAXRSCXFCDIServerCodegen,scmConnection,SCM connection in generated pom.xml,,
io.swagger.codegen.v3.generators.java.JavaJAXRSCXFCDIServerCodegen,scmDeveloperConnection,SCM developer connection in generated pom.xml,,
io.swagger.codegen.v3.generators.java.JavaJAXRSCXFCDIServerCodegen,scmUrl,SCM URL in generated pom.xml,,
io.swagger.codegen.v3.generators.java.JavaJAXRSCXFCDIServerCodegen,developerName,developer name in generated pom.xml,,
io.swagger.codegen.v3.generators.java.JavaJAXRSCXFCDIServerCodegen,developerEmail,developer email in generated pom.xml,,
io.swagger.codegen.v3.generators.java.JavaJAXRSCXFCDIServerCodegen,developerOrganization,developer organization in generated pom.xml,,
io.swagger.codegen.v3.generators.java.JavaJAXRSCXFCDIServerCodegen,developerOrganizationUrl,developer organization URL in generated pom.xml,,
io.swagger.codegen.v3.generators.java.JavaJAXRSCXFCDIServerCodegen,licenseName,The name of the license,,
io.swagger.codegen.v3.generators.java.JavaJAXRSCXFCDIServerCodegen,licenseUrl,The URL of the license,,
io.swagger.codegen.v3.generators.java.JavaJAXRSCXFCDIServerCodegen,sourceFolder,source folder for generated code,,
io.swagger.codegen.v3.generators.java.JavaJAXRSCXFCDIServerCodegen,localVariablePrefix,prefix for generated code members and local variables,,
io.swagger.codegen.v3.generators.java.JavaJAXRSCXFCDIServerCodegen,serializableModel,"boolean - toggle ""implements Serializable"" for generated models",,
io.swagger.codegen.v3.generators.java.JavaJAXRSCXFCDIServerCodegen,bigDecimalAsString,Treat BigDecimal values as Strings to avoid precision loss.,,
io.swagger.codegen.v3.generators.java.JavaJAXRSCXFCDIServerCodegen,fullJavaUtil,whether to use fully qualified name for classes under java.util. This option only works for Java API client,,
io.swagger.codegen.v3.generators.java.JavaJAXRSCXFCDIServerCodegen,hideGenerationTimestamp,Hides the generation timestamp when files are generated.,,
io.swagger.codegen.v3.generators.java.JavaJAXRSCXFCDIServerCodegen,withXml,whether to include support for application/xml content type and include XML annotations in the model (works with libraries that provide support for JSON and XML),,
io.swagger.codegen.v3.generators.java.JavaJAXRSCXFCDIServerCodegen,useOas2,use OpenAPI v2.0 (Swagger 1.5.x),,
io.swagger.codegen.v3.generators.java.JavaJAXRSCXFCDIServerCodegen,dateLibrary,Option. Date library to use,,
io.swagger.codegen.v3.generators.java.JavaJAXRSCXFCDIServerCodegen,java8,Option. Use Java8 classes instead of third party equivalents,,
io.swagger.codegen.v3.generators.java.JavaJAXRSCXFCDIServerCodegen,implFolder,folder for generated implementation code,,
io.swagger.codegen.v3.generators.java.JavaJAXRSCXFCDIServerCodegen,title,a title describing the application,,
io.swagger.codegen.v3.generators.java.JavaJAXRSCXFCDIServerCodegen,useBeanValidation,Use BeanValidation API annotations,,
io.swagger.codegen.v3.generators.java.JavaJAXRSCXFCDIServerCodegen,serverPort,The port on which the server should be started,,
io.swagger.codegen.v3.generators.java.JavaJAXRSCXFCDIServerCodegen,library,library template (sub-template) to use,,
io.swagger.codegen.v3.generators.java.JavaJAXRSCXFCDIServerCodegen,generatePom,Whether to generate pom.xml if the file does not already exist.,,
io.swagger.codegen.v3.generators.java.JavaJAXRSCXFCDIServerCodegen,interfaceOnly,Whether to generate only API interface stubs without the server files.,,
io.swagger.codegen.v3.generators.java.JavaJAXRSSpecServerCodegen,sortParamsByRequiredFlag,Sort method arguments to place required parameters before optional parameters.,,
io.swagger.codegen.v3.generators.java.JavaJAXRSSpecServerCodegen,ensureUniqueParams,Whether to ensure parameter names are unique in an operation (rename parameters that are not).,,
io.swagger.codegen.v3.generators.java.JavaJAXRSSpecServerCodegen,allowUnicodeIdentifiers,"boolean, toggles whether unicode identifiers are allowed in names or not, default is false",,
io.swagger.codegen.v3.generators.java.JavaJAXRSSpecServerCodegen,modelPackage,package for generated models,,
io.swagger.codegen.v3.generators.java.JavaJAXRSSpecServerCodegen,apiPackage,package for generated api classes,,
io.swagger.codegen.v3.generators.java.JavaJAXRSSpecServerCodegen,invokerPackage,root package for generated code,,
io.swagger.codegen.v3.generators.java.JavaJAXRSSpecServerCodegen,groupId,groupId in generated pom.xml,,
io.swagger.codegen.v3.generators.java.JavaJAXRSSpecServerCodegen,artifactId,artifactId in generated pom.xml,,
io.swagger.codegen.v3.generators.java.JavaJAXRSSpecServerCodegen,artifactVersion,artifact version in generated pom.xml,,
io.swagger.codegen.v3.generators.java.JavaJAXRSSpecServerCodegen,artifactUrl,artifact URL in generated pom.xml,,
io.swagger.codegen.v3.generators.java.JavaJAXRSSpecServerCodegen,artifactDescription,artifact description in generated pom.xml,,
io.swagger.codegen.v3.generators.java.JavaJAXRSSpecServerCodegen,scmConnection,SCM connection in generated pom.xml,,
io.swagger.codegen.v3.generators.java.JavaJAXRSSpecServerCodegen,scmDeveloperConnection,SCM developer connection in generated pom.xml,,
io.swagger.codegen.v3.generators.java.JavaJAXRSSpecServerCodegen,scmUrl,SCM URL in generated pom.xml,,
io.swagger.codegen.v3.generators.java.JavaJAXRSSpecServerCodegen,developerName,developer name in generated pom.xml,,
io.swagger.codegen.v3.generators.java.JavaJAXRSSpecServerCodegen,developerEmail,developer email in generated pom.xml,,
io.swagger.codegen.v3.generators.java.JavaJAXRSSpecServerCodegen,developerOrganization,developer organization in generated pom.xml,,
io.swagger.codegen.v3.generators.java.JavaJAXRSSpecServerCodegen,developerOrganizationUrl,developer organization URL in generated pom.xml,,
io.swagger.codegen.v3.generators.java.JavaJAXRSSpecServerCodegen,licenseName,The name of the license,,
io.swagger.codegen.v3.generators.java.JavaJAXRSSpecServerCodegen,licenseUrl,The URL of the license,,
io.swagger.codegen.v3.generators.java.JavaJAXRSSpecServerCodegen,sourceFolder,source folder for generated code,,
io.swagger.codegen.v3.generators.java.JavaJAXRSSpecServerCodegen,localVariablePrefix,prefix for generated code members and local variables,,
io.swagger.codegen.v3.generators.java.JavaJAXRSSpecServerCodegen,serializableModel,"boolean - toggle ""implements Serializable"" for generated models",,
io.swagger.codegen.v3.generators.java.JavaJAXRSSpecServerCodegen,bigDecimalAsString,Treat BigDecimal values as Strings to avoid precision loss.,,
io.swagger.codegen.v3.generators.java.JavaJAXRSSpecServerCodegen,fullJavaUtil,whether to use fully qualified name for classes under java.util. This option only works for Java API client,,
io.swagger.codegen.v3.generators.java.JavaJAXRSSpecServerCodegen,hideGenerationTimestamp,Hides the generation timestamp when files are generated.,,
io.swagger.codegen.v3.generators.java.JavaJAXRSSpecServerCodegen,withXml,whether to include support for application/xml content type and include XML annotations in the model (works with libraries that provide support for JSON and XML),,
io.swagger.codegen.v3.generators.java.JavaJAXRSSpecServerCodegen,useOas2,use OpenAPI v2.0 (Swagger 1.5.x),,
io.swagger.codegen.v3.generators.java.JavaJAXRSSpecServerCodegen,dateLibrary,Option. Date library to use,,
io.swagger.codegen.v3.generators.java.JavaJAXRSSpecServerCodegen,java8,Option. Use Java8 classes instead of third party equivalents,,
io.swagger.codegen.v3.generators.java.JavaJAXRSSpecServerCodegen,implFolder,folder for generated implementation code,,
io.swagger.codegen.v3.generators.java.JavaJAXRSSpecServerCodegen,title,a title describing the application,,
io.swagger.codegen.v3.generators.java.JavaJAXRSSpecServerCodegen,useBeanValidation,Use BeanValidation API annotations,,
io.swagger.codegen.v3.generators.java.JavaJAXRSSpecServerCodegen,serverPort,The port on which the server should be started,,
io.swagger.codegen.v3.generators.java.JavaJAXRSSpecServerCodegen,library,library template (sub-template) to use,,
io.swagger.codegen.v3.generators.java.JavaJAXRSSpecServerCodegen,generatePom,Whether to generate pom.xml if the file does not already exist.,,
io.swagger.codegen.v3.generators.java.JavaJAXRSSpecServerCodegen,interfaceOnly,Whether to generate only API interface stubs without the server files.,,
io.swagger.codegen.v3.generators.java.JavaJerseyDIServerCodegen,sortParamsByRequiredFlag,Sort method arguments to place required parameters before optional parameters.,,
io.swagger.codegen.v3.generators.java.JavaJerseyDIServerCodegen,ensureUniqueParams,Whether to ensure parameter names are unique in an operation (rename parameters that are not).,,
io.swagger.codegen.v3.generators.java.JavaJerseyDIServerCodegen,allowUnicodeIdentifiers,"boolean, toggles whether unicode identifiers are allowed in names or not, default is false",,
io.swagger.codegen.v3.generators.java.JavaJerseyDIServerCodegen,modelPackage,package for generated models,,
io.swagger.codegen.v3.generators.java.JavaJerseyDIServerCodegen,apiPackage,package for generated api classes,,
io.swagger.codegen.v3.generators.java.JavaJerseyDIServerCodegen,invokerPackage,root package for generated code,,
io.swagger.codegen.v3.generators.java.JavaJerseyDIServerCodegen,groupId,groupId in generated pom.xml,,
io.swagger.codegen.v3.generators.java.JavaJerseyDIServerCodegen,artifactId,artifactId in generated pom.xml,,
io.swagger.codegen.v3.generators.java.JavaJerseyDIServerCodegen,artifactVersion,artifact version in generated pom.xml,,
io.swagger.codegen.v3.generators.java.JavaJerseyDIServerCodegen,artifactUrl,artifact URL in generated pom.xml,,
io.swagger.codegen.v3.generators.java.JavaJerseyDIServerCodegen,artifactDescription,artifact description in generated pom.xml,,
io.swagger.codegen.v3.generators.java.JavaJerseyDIServerCodegen,scmConnection,SCM connection in generated pom.xml,,
io.swagger.codegen.v3.generators.java.JavaJerseyDIServerCodegen,scmDeveloperConnection,SCM developer connection in generated pom.xml,,
io.swagger.codegen.v3.generators.java.JavaJerseyDIServerCodegen,scmUrl,SCM URL in generated pom.xml,,
io.swagger.codegen.v3.generators.java.JavaJerseyDIServerCodegen,developerName,developer name in generated pom.xml,,
io.swagger.codegen.v3.generators.java.JavaJerseyDIServerCodegen,developerEmail,developer email in generated pom.xml,,
io.swagger.codegen.v3.generators.java.JavaJerseyDIServerCodegen,developerOrganization,developer organization in generated pom.xml,,
io.swagger.codegen.v3.generators.java.JavaJerseyDIServerCodegen,developerOrganizationUrl,developer organization URL in generated pom.xml,,
io.swagger.codegen.v3.generators.java.JavaJerseyDIServerCodegen,licenseName,The name of the license,,
io.swagger.codegen.v3.generators.java.JavaJerseyDIServerCodegen,licenseUrl,The URL of the license,,
io.swagger.codegen.v3.generators.java.JavaJerseyDIServerCodegen,sourceFolder,source folder for generated code,,
io.swagger.codegen.v3.generators.java.JavaJerseyDIServerCodegen,localVariablePrefix,prefix for generated code members and local variables,,
io.swagger.codegen.v3.generators.java.JavaJerseyDIServerCodegen,serializableModel,"boolean - toggle ""implements Serializable"" for generated models",,
io.swagger.codegen.v3.generators.java.JavaJerseyDIServerCodegen,bigDecimalAsString,Treat BigDecimal values as Strings to avoid precision loss.,,
io.swagger.codegen.v3.generators.java.JavaJerseyDIServerCodegen,fullJavaUtil,whether to use fully qualified name for classes under java.util. This option only works for Java API client,,
io.swagger.codegen.v3.generators.java.JavaJerseyDIServerCodegen,hideGenerationTimestamp,Hides the generation timestamp when files are generated.,,
io.swagger.codegen.v3.generators.java.JavaJerseyDIServerCodegen,withXml,whether to include support for application/xml content type and include XML annotations in the model (works with libraries that provide support for JSON and XML),,
io.swagger.codegen.v3.generators.java.JavaJerseyDIServerCodegen,useOas2,use OpenAPI v2.0 (Swagger 1.5.x),,
io.swagger.codegen.v3.generators.java.JavaJerseyDIServerCodegen,dateLibrary,Option. Date library to use,,
io.swagger.codegen.v3.generators.java.JavaJerseyDIServerCodegen,java8,Option. Use Java8 classes instead of third party equivalents,,
io.swagger.codegen.v3.generators.java.JavaJerseyDIServerCodegen,implFolder,folder for generated implementation code,,
io.swagger.codegen.v3.generators.java.JavaJerseyDIServerCodegen,title,a title describing the application,,
io.swagger.codegen.v3.generators.java.JavaJerseyDIServerCodegen,useBeanValidation,Use BeanValidation API annotations,,
io.swagger.codegen.v3.generators.java.JavaJerseyDIServerCodegen,serverPort,The port on which the server should be started,,
io.swagger.codegen.v3.generators.java.JavaJerseyDIServerCodegen,library,library template (sub-template) to use,,
io.swagger.codegen.v3.generators.java.JavaJerseyDIServerCodegen,supportJava6,Whether to support Java6 with the Jersey1/2 library.,,
io.swagger.codegen.v3.generators.java.JavaJerseyDIServerCodegen,useTags,use tags for creating interface and controller classnames,,
io.swagger.codegen.v3.generators.java.JavaJerseyServerCodegen,sortParamsByRequiredFlag,Sort method arguments to place required parameters before optional parameters.,,
io.swagger.codegen.v3.generators.java.JavaJerseyServerCodegen,ensureUniqueParams,Whether to ensure parameter names are unique in an operation (rename parameters that are not).,,
io.swagger.codegen.v3.generators.java.JavaJerseyServerCodegen,allowUnicodeIdentifiers,"boolean, toggles whether unicode identifiers are allowed in names or not, default is false",,
io.swagger.codegen.v3.generators.java.JavaJerseyServerCodegen,modelPackage,package for generated models,,
io.swagger.codegen.v3.generators.java.JavaJerseyServerCodegen,apiPackage,package for generated api classes,,
io.swagger.codegen.v3.generators.java.JavaJerseyServerCodegen,invokerPackage,root package for generated code,,
io.swagger.codegen.v3.generators.java.JavaJerseyServerCodegen,groupId,groupId in generated pom.xml,,
io.swagger.codegen.v3.generators.java.JavaJerseyServerCodegen,artifactId,artifactId in generated pom.xml,,
io.swagger.codegen.v3.generators.java.JavaJerseyServerCodegen,artifactVersion,artifact version in generated pom.xml,,
io.swagger.codegen.v3.generators.java.JavaJerseyServerCodegen,artifactUrl,artifact URL in generated pom.xml,,
io.swagger.codegen.v3.generators.java.JavaJerseyServerCodegen,artifactDescription,artifact description in generated pom.xml,,
io.swagger.codegen.v3.generators.java.JavaJerseyServerCodegen,scmConnection,SCM connection in generated pom.xml,,
io.swagger.codegen.v3.generators.java.JavaJerseyServerCodegen,scmDeveloperConnection,SCM developer connection in generated pom.xml,,
io.swagger.codegen.v3.generators.java.JavaJerseyServerCodegen,scmUrl,SCM URL in generated pom.xml,,
io.swagger.codegen.v3.generators.java.JavaJerseyServerCodegen,developerName,developer name in generated pom.xml,,
io.swagger.codegen.v3.generators.java.JavaJerseyServerCodegen,developerEmail,developer email in generated pom.xml,,
io.swagger.codegen.v3.generators.java.JavaJerseyServerCodegen,developerOrganization,developer organization in generated pom.xml,,
io.swagger.codegen.v3.generators.java.JavaJerseyServerCodegen,developerOrganizationUrl,developer organization URL in generated pom.xml,,
io.swagger.codegen.v3.generators.java.JavaJerseyServerCodegen,licenseName,The name of the license,,
io.swagger.codegen.v3.generators.java.JavaJerseyServerCodegen,licenseUrl,The URL of the license,,
io.swagger.codegen.v3.generators.java.JavaJerseyServerCodegen,sourceFolder,source folder for generated code,,
io.swagger.codegen.v3.generators.java.JavaJerseyServerCodegen,localVariablePrefix,prefix for generated code members and local variables,,
io.swagger.codegen.v3.generators.java.JavaJerseyServerCodegen,serializableModel,"boolean - toggle ""implements Serializable"" for generated models",,
io.swagger.codegen.v3.generators.java.JavaJerseyServerCodegen,bigDecimalAsString,Treat BigDecimal values as Strings to avoid precision loss.,,
io.swagger.codegen.v3.generators.java.JavaJerseyServerCodegen,fullJavaUtil,whether to use fully qualified name for classes under java.util. This option only works for Java API client,,
io.swagger.codegen.v3.generators.java.JavaJerseyServerCodegen,hideGenerationTimestamp,Hides the generation timestamp when files are generated.,,
io.swagger.codegen.v3.generators.java.JavaJerseyServerCodegen,withXml,whether to include support for application/xml content type and include XML annotations in the model (works with libraries that provide support for JSON and XML),,
io.swagger.codegen.v3.generators.java.JavaJerseyServerCodegen,useOas2,use OpenAPI v2.0 (Swagger 1.5.x),,
io.swagger.codegen.v3.generators.java.JavaJerseyServerCodegen,dateLibrary,Option. Date library to use,,
io.swagger.codegen.v3.generators.java.JavaJerseyServerCodegen,java8,Option. Use Java8 classes instead of third party equivalents,,
io.swagger.codegen.v3.generators.java.JavaJerseyServerCodegen,implFolder,folder for generated implementation code,,
io.swagger.codegen.v3.generators.java.JavaJerseyServerCodegen,title,a title describing the application,,
io.swagger.codegen.v3.generators.java.JavaJerseyServerCodegen,useBeanValidation,Use BeanValidation API annotations,,
io.swagger.codegen.v3.generators.java.JavaJerseyServerCodegen,serverPort,The port on which the server should be started,,
io.swagger.codegen.v3.generators.java.JavaJerseyServerCodegen,library,library template (sub-template) to use,,
io.swagger.codegen.v3.generators.java.JavaJerseyServerCodegen,supportJava6,Whether to support Java6 with the Jersey1/2 library.,,
io.swagger.codegen.v3.generators.java.JavaJerseyServerCodegen,useTags,use tags for creating interface and controller classnames,,
io.swagger.codegen.v3.generators.java.JavaResteasyEapServerCodegen,sortParamsByRequiredFlag,Sort method arguments to place required parameters before optional parameters.,,
io.swagger.codegen.v3.generators.java.JavaResteasyEapServerCodegen,ensureUniqueParams,Whether to ensure parameter names are unique in an operation (rename parameters that are not).,,
io.swagger.codegen.v3.generators.java.JavaResteasyEapServerCodegen,allowUnicodeIdentifiers,"boolean, toggles whether unicode identifiers are allowed in names or not, default is false",,
io.swagger.codegen.v3.generators.java.JavaResteasyEapServerCodegen,modelPackage,package for generated models,,
io.swagger.codegen.v3.generators.java.JavaResteasyEapServerCodegen,apiPackage,package for generated api classes,,
io.swagger.codegen.v3.generators.java.JavaResteasyEapServerCodegen,invokerPackage,root package for generated code,,
io.swagger.codegen.v3.generators.java.JavaResteasyEapServerCodegen,groupId,groupId in generated pom.xml,,
io.swagger.codegen.v3.generators.java.JavaResteasyEapServerCodegen,artifactId,artifactId in generated pom.xml,,
io.swagger.codegen.v3.generators.java.JavaResteasyEapServerCodegen,artifactVersion,artifact version in generated pom.xml,,
io.swagger.codegen.v3.generators.java.JavaResteasyEapServerCodegen,artifactUrl,artifact URL in generated pom.xml,,
io.swagger.codegen.v3.generators.java.JavaResteasyEapServerCodegen,artifactDescription,artifact description in generated pom.xml,,
io.swagger.codegen.v3.generators.java.JavaResteasyEapServerCodegen,scmConnection,SCM connection in generated pom.xml,,
io.swagger.codegen.v3.generators.java.JavaResteasyEapServerCodegen,scmDeveloperConnection,SCM developer connection in generated pom.xml,,
io.swagger.codegen.v3.generators.java.JavaResteasyEapServerCodegen,scmUrl,SCM URL in generated pom.xml,,
io.swagger.codegen.v3.generators.java.JavaResteasyEapServerCodegen,developerName,developer name in generated pom.xml,,
io.swagger.codegen.v3.generators.java.JavaResteasyEapServerCodegen,developerEmail,developer email in generated pom.xml,,
io.swagger.codegen.v3.generators.java.JavaResteasyEapServerCodegen,developerOrganization,developer organization in generated pom.xml,,
io.swagger.codegen.v3.generators.java.JavaResteasyEapServerCodegen,developerOrganizationUrl,developer organization URL in generated pom.xml,,
io.swagger.codegen.v3.generators.java.JavaResteasyEapServerCodegen,licenseName,The name of the license,,
io.swagger.codegen.v3.generators.java.JavaResteasyEapServerCodegen,licenseUrl,The URL of the license,,
io.swagger.codegen.v3.generators.java.JavaResteasyEapServerCodegen,sourceFolder,source folder for generated code,,
io.swagger.codegen.v3.generators.java.JavaResteasyEapServerCodegen,localVariablePrefix,prefix for generated code members and local variables,,
io.swagger.codegen.v3.generators.java.JavaResteasyEapServerCodegen,serializableModel,"boolean - toggle ""implements Serializable"" for generated models",,
io.swagger.codegen.v3.generators.java.JavaResteasyEapServerCodegen,bigDecimalAsString,Treat BigDecimal values as Strings to avoid precision loss.,,
io.swagger.codegen.v3.generators.java.JavaResteasyEapServerCodegen,fullJavaUtil,whether to use fully qualified name for classes under java.util. This option only works for Java API client,,
io.swagger.codegen.v3.generators.java.JavaResteasyEapServerCodegen,hideGenerationTimestamp,Hides the generation timestamp when files are generated.,,
io.swagger.codegen.v3.generators.java.JavaResteasyEapServerCodegen,withXml,whether to include support for application/xml content type and include XML annotations in the model (works with libraries that provide support for JSON and XML),,
io.swagger.codegen.v3.generators.java.JavaResteasyEapServerCodegen,useOas2,use OpenAPI v2.0 (Swagger 1.5.x),,
io.swagger.codegen.v3.generators.java.JavaResteasyEapServerCodegen,dateLibrary,Option. Date library to use,,
io.swagger.codegen.v3.generators.java.JavaResteasyEapServerCodegen,java8,Option. Use Java8 classes instead of third party equivalents,,
io.swagger.codegen.v3.generators.java.JavaResteasyEapServerCodegen,implFolder,folder for generated implementation code,,
io.swagger.codegen.v3.generators.java.JavaResteasyEapServerCodegen,title,a title describing the application,,
io.swagger.codegen.v3.generators.java.JavaResteasyEapServerCodegen,useBeanValidation,Use BeanValidation API annotations,,
io.swagger.codegen.v3.generators.java.JavaResteasyEapServerCodegen,serverPort,The port on which the server should be started,,
io.swagger.codegen.v3.generators.java.JavaResteasyEapServerCodegen,generateJbossDeploymentDescriptor,Generate Jboss Deployment Descriptor,,
io.swagger.codegen.v3.generators.java.JavaResteasyEapServerCodegen,useSwaggerFeature,Use dynamic Swagger generator,,
io.swagger.codegen.v3.generators.java.JavaResteasyServerCodegen,sortParamsByRequiredFlag,Sort method arguments to place required parameters before optional parameters.,,
io.swagger.codegen.v3.generators.java.JavaResteasyServerCodegen,ensureUniqueParams,Whether to ensure parameter names are unique in an operation (rename parameters that are not).,,
io.swagger.codegen.v3.generators.java.JavaResteasyServerCodegen,allowUnicodeIdentifiers,"boolean, toggles whether unicode identifiers are allowed in names or not, default is false",,
io.swagger.codegen.v3.generators.java.JavaResteasyServerCodegen,modelPackage,package for generated models,,
io.swagger.codegen.v3.generators.java.JavaResteasyServerCodegen,apiPackage,package for generated api classes,,
io.swagger.codegen.v3.generators.java.JavaResteasyServerCodegen,invokerPackage,root package for generated code,,
io.swagger.codegen.v3.generators.java.JavaResteasyServerCodegen,groupId,groupId in generated pom.xml,,
io.swagger.codegen.v3.generators.java.JavaResteasyServerCodegen,artifactId,artifactId in generated pom.xml,,
io.swagger.codegen.v3.generators.java.JavaResteasyServerCodegen,artifactVersion,artifact version in generated pom.xml,,
io.swagger.codegen.v3.generators.java.JavaResteasyServerCodegen,artifactUrl,artifact URL in generated pom.xml,,
io.swagger.codegen.v3.generators.java.JavaResteasyServerCodegen,artifactDescription,artifact description in generated pom.xml,,
io.swagger.codegen.v3.generators.java.JavaResteasyServerCodegen,scmConnection,SCM connection in generated pom.xml,,
io.swagger.codegen.v3.generators.java.JavaResteasyServerCodegen,scmDeveloperConnection,SCM developer connection in generated pom.xml,,
io.swagger.codegen.v3.generators.java.JavaResteasyServerCodegen,scmUrl,SCM URL in generated pom.xml,,
io.swagger.codegen.v3.generators.java.JavaResteasyServerCodegen,developerName,developer name in generated pom.xml,,
io.swagger.codegen.v3.generators.java.JavaResteasyServerCodegen,developerEmail,developer email in generated pom.xml,,
io.swagger.codegen.v3.generators.java.JavaResteasyServerCodegen,developerOrganization,developer organization in generated pom.xml,,
io.swagger.codegen.v3.generators.java.JavaResteasyServerCodegen,developerOrganizationUrl,developer organization URL in generated pom.xml,,
io.swagger.codegen.v3.generators.java.JavaResteasyServerCodegen,licenseName,The name of the license,,
io.swagger.codegen.v3.generators.java.JavaResteasyServerCodegen,licenseUrl,The URL of the license,,
io.swagger.codegen.v3.generators.java.JavaResteasyServerCodegen,sourceFolder,source folder for generated code,,
io.swagger.codegen.v3.generators.java.JavaResteasyServerCodegen,localVariablePrefix,prefix for generated code members and local variables,,
io.swagger.codegen.v3.generators.java.JavaResteasyServerCodegen,serializableModel,"boolean - toggle ""implements Serializable"" for generated models",,
io.swagger.codegen.v3.generators.java.JavaResteasyServerCodegen,bigDecimalAsString,Treat BigDecimal values as Strings to avoid precision loss.,,
io.swagger.codegen.v3.generators.java.JavaResteasyServerCodegen,fullJavaUtil,whether to use fully qualified name for classes under java.util. This option only works for Java API client,,
io.swagger.codegen.v3.generators.java.JavaResteasyServerCodegen,hideGenerationTimestamp,Hides the generation timestamp when files are generated.,,
io.swagger.codegen.v3.generators.java.JavaResteasyServerCodegen,withXml,whether to include support for application/xml content type and include XML annotations in the model (works with libraries that provide support for JSON and XML),,
io.swagger.codegen.v3.generators.java.JavaResteasyServerCodegen,useOas2,use OpenAPI v2.0 (Swagger 1.5.x),,
io.swagger.codegen.v3.generators.java.JavaResteasyServerCodegen,dateLibrary,Option. Date library to use,,
io.swagger.codegen.v3.generators.java.JavaResteasyServerCodegen,java8,Option. Use Java8 classes instead of third party equivalents,,
io.swagger.codegen.v3.generators.java.JavaResteasyServerCodegen,implFolder,folder for generated implementation code,,
io.swagger.codegen.v3.generators.java.JavaResteasyServerCodegen,title,a title describing the application,,
io.swagger.codegen.v3.generators.java.JavaResteasyServerCodegen,useBeanValidation,Use BeanValidation API annotations,,
io.swagger.codegen.v3.generators.java.JavaResteasyServerCodegen,serverPort,The port on which the server should be started,,
io.swagger.codegen.v3.generators.java.JavaResteasyServerCodegen,generateJbossDeploymentDescriptor,Generate Jboss Deployment Descriptor,,
io.swagger.codegen.v3.generators.java.SpringCodegen,sortParamsByRequiredFlag,Sort method arguments to place required parameters before optional parameters.,,
io.swagger.codegen.v3.generators.java.SpringCodegen,ensureUniqueParams,Whether to ensure parameter names are unique in an operation (rename parameters that are not).,,
io.swagger.codegen.v3.generators.java.SpringCodegen,allowUnicodeIdentifiers,"boolean, toggles whether unicode identifiers are allowed in names or not, default is false",,
io.swagger.codegen.v3.generators.java.SpringCodegen,modelPackage,package for generated models,,
io.swagger.codegen.v3.generators.java.SpringCodegen,apiPackage,package for generated api classes,,
io.swagger.codegen.v3.generators.java.SpringCodegen,invokerPackage,root package for generated code,,
io.swagger.codegen.v3.generators.java.SpringCodegen,groupId,groupId in generated pom.xml,,
io.swagger.codegen.v3.generators.java.SpringCodegen,artifactId,artifactId in generated pom.xml,,
io.swagger.codegen.v3.generators.java.SpringCodegen,artifactVersion,artifact version in generated pom.xml,,
io.swagger.codegen.v3.generators.java.SpringCodegen,artifactUrl,artifact URL in generated pom.xml,,
io.swagger.codegen.v3.generators.java.SpringCodegen,artifactDescription,artifact description in generated pom.xml,,
io.swagger.codegen.v3.generators.java.SpringCodegen,scmConnection,SCM connection in generated pom.xml,,
io.swagger.codegen.v3.generators.java.SpringCodegen,scmDeveloperConnection,SCM developer connection in generated pom.xml,,
io.swagger.codegen.v3.generators.java.SpringCodegen,scmUrl,SCM URL in generated pom.xml,,
io.swagger.codegen.v3.generators.java.SpringCodegen,developerName,developer name in generated pom.xml,,
io.swagger.codegen.v3.generators.java.SpringCodegen,developerEmail,developer email in generated pom.xml,,
io.swagger.codegen.v3.generators.java.SpringCodegen,developerOrganization,developer organization in generated pom.xml,,
io.swagger.codegen.v3.generators.java.SpringCodegen,developerOrganizationUrl,developer organization URL in generated pom.xml,,
io.swagger.codegen.v3.generators.java.SpringCodegen,licenseName,The name of the license,,
io.swagger.codegen.v3.generators.java.SpringCodegen,licenseUrl,The URL of the license,,
io.swagger.codegen.v3.generators.java.SpringCodegen,sourceFolder,source folder for generated code,,
io.swagger.codegen.v3.generators.java.SpringCodegen,localVariablePrefix,prefix for generated code members and local variables,,
io.swagger.codegen.v3.generators.java.SpringCodegen,serializableModel,"boolean - toggle ""implements Serializable"" for generated models",,
io.swagger.codegen.v3.generators.java.SpringCodegen,bigDecimalAsString,Treat BigDecimal values as Strings to avoid precision loss.,,
io.swagger.codegen.v3.generators.java.SpringCodegen,fullJavaUtil,whether to use fully qualified name for classes under java.util. This option only works for Java API client,,
io.swagger.codegen.v3.generators.java.SpringCodegen,hideGenerationTimestamp,Hides the generation timestamp when files are generated.,,
io.swagger.codegen.v3.generators.java.SpringCodegen,withXml,whether to include support for application/xml content type and include XML annotations in the model (works with libraries that provide support for JSON and XML),,
io.swagger.codegen.v3.generators.java.SpringCodegen,useOas2,use OpenAPI v2.0 (Swagger 1.5.x),,
io.swagger.codegen.v3.generators.java.SpringCodegen,dateLibrary,Option. Date library to use,,
io.swagger.codegen.v3.generators.java.SpringCodegen,java8,Option. Use Java8 classes instead of third party equivalents,,
io.swagger.codegen.v3.generators.java.SpringCodegen,title,server title name or client service name,,
io.swagger.codegen.v3.generators.java.SpringCodegen,configPackage,configuration package for generated code,,
io.swagger.codegen.v3.generators.java.SpringCodegen,basePackage,base package (invokerPackage) for generated code,,
io.swagger.codegen.v3.generators.java.SpringCodegen,interfaceOnly,Whether to generate only API interface stubs without the server files.,,
io.swagger.codegen.v3.generators.java.SpringCodegen,delegatePattern,Whether to generate the server files using the delegate pattern,,
io.swagger.codegen.v3.generators.java.SpringCodegen,singleContentTypes,Whether to select only one produces/consumes content-type by operation.,,
io.swagger.codegen.v3.generators.java.SpringCodegen,async,use async Callable controllers,,
io.swagger.codegen.v3.generators.java.SpringCodegen,responseWrapper,"wrap the responses in given type (Future,Callable,CompletableFuture,ListenableFuture,DeferredResult,HystrixCommand,RxObservable,RxSingle or fully qualified type)",,
io.swagger.codegen.v3.generators.java.SpringCodegen,useTags,use tags for creating interface and controller classnames,,
io.swagger.codegen.v3.generators.java.SpringCodegen,useBeanValidation,Use BeanValidation API annotations,,
io.swagger.codegen.v3.generators.java.SpringCodegen,implicitHeaders,Use of @ApiImplicitParams for headers.,,
io.swagger.codegen.v3.generators.java.SpringCodegen,swaggerDocketConfig,Generate Spring Swagger Docket configuration class.,,
io.swagger.codegen.v3.generators.java.SpringCodegen,useOptional,Use Optional container for optional parameters,,
io.swagger.codegen.v3.generators.java.SpringCodegen,library,library template (sub-template) to use,,
io.swagger.codegen.v3.generators.kotlin.KotlinClientCodegen,sourceFolder,source folder for generated code,,
io.swagger.codegen.v3.generators.kotlin.KotlinClientCodegen,packageName,Generated artifact package name (e.g. io.swagger).,,
io.swagger.codegen.v3.generators.kotlin.KotlinClientCodegen,groupId,Generated artifact package's organization (i.e. maven groupId).,,
io.swagger.codegen.v3.generators.kotlin.KotlinClientCodegen,artifactId,Generated artifact id (name of jar).,,
io.swagger.codegen.v3.generators.kotlin.KotlinClientCodegen,artifactVersion,Generated artifact's package version.,,
io.swagger.codegen.v3.generators.kotlin.KotlinClientCodegen,enumPropertyNaming,"Naming convention for enum properties: 'camelCase', 'PascalCase', 'snake_case', 'UPPERCASE', and 'original'",,
io.swagger.codegen.v3.generators.kotlin.KotlinClientCodegen,dateLibrary,Option. Date library to use,,
io.swagger.codegen.v3.generators.kotlin.KotlinServerCodegen,sourceFolder,source folder for generated code,,
io.swagger.codegen.v3.generators.kotlin.KotlinServerCodegen,packageName,Generated artifact package name (e.g. io.swagger).,,
io.swagger.codegen.v3.generators.kotlin.KotlinServerCodegen,groupId,Generated artifact package's organization (i.e. maven groupId).,,
io.swagger.codegen.v3.generators.kotlin.KotlinServerCodegen,artifactId,Generated artifact id (name of jar).,,
io.swagger.codegen.v3.generators.kotlin.KotlinServerCodegen,artifactVersion,Generated artifact's package version.,,
io.swagger.codegen.v3.generators.kotlin.KotlinServerCodegen,enumPropertyNaming,"Naming convention for enum properties: 'camelCase', 'PascalCase', 'snake_case', 'UPPERCASE', and 'original'",,
io.swagger.codegen.v3.generators.kotlin.KotlinServerCodegen,library,library template (sub-template) to use,,
io.swagger.codegen.v3.generators.kotlin.KotlinServerCodegen,featureAutoHead,Automatically provide responses to HEAD requests for existing routes that have the GET verb defined.,,
io.swagger.codegen.v3.generators.kotlin.KotlinServerCodegen,featureConditionalHeaders,"Avoid sending content if client already has same content, by checking ETag or LastModified properties.",,
io.swagger.codegen.v3.generators.kotlin.KotlinServerCodegen,featureHSTS,"Avoid sending content if client already has same content, by checking ETag or LastModified properties.",,
io.swagger.codegen.v3.generators.kotlin.KotlinServerCodegen,featureCORS,Ktor by default provides an interceptor for implementing proper support for Cross-Origin Resource Sharing (CORS). See enable-cors.org.,,
io.swagger.codegen.v3.generators.kotlin.KotlinServerCodegen,featureCompression,"Adds ability to compress outgoing content using gzip, deflate or custom encoder and thus reduce size of the response.",,
io.swagger.codegen.v3.generators.nodejs.NodeJSServerCodegen,sortParamsByRequiredFlag,Sort method arguments to place required parameters before optional parameters.,,
io.swagger.codegen.v3.generators.nodejs.NodeJSServerCodegen,ensureUniqueParams,Whether to ensure parameter names are unique in an operation (rename parameters that are not).,,
io.swagger.codegen.v3.generators.nodejs.NodeJSServerCodegen,allowUnicodeIdentifiers,"boolean, toggles whether unicode identifiers are allowed in names or not, default is false",,
io.swagger.codegen.v3.generators.nodejs.NodeJSServerCodegen,googleCloudFunctions,"When specified, it will generate the code which runs within Google Cloud Functions instead of standalone Node.JS server. See https://cloud.google.com/functions/docs/quickstart for the details of how to deploy the generated code.",,
io.swagger.codegen.v3.generators.nodejs.NodeJSServerCodegen,exportedName,"When the generated code will be deployed to Google Cloud Functions, this option can be used to update the name of the exported function. By default, it refers to the basePath. This does not affect normal standalone nodejs server code.",,
io.swagger.codegen.v3.generators.openapi.OpenAPIGenerator,sortParamsByRequiredFlag,Sort method arguments to place required parameters before optional parameters.,,
io.swagger.codegen.v3.generators.openapi.OpenAPIGenerator,ensureUniqueParams,Whether to ensure parameter names are unique in an operation (rename parameters that are not).,,
io.swagger.codegen.v3.generators.openapi.OpenAPIGenerator,allowUnicodeIdentifiers,"boolean, toggles whether unicode identifiers are allowed in names or not, default is false",,
io.swagger.codegen.v3.generators.openapi.OpenAPIGenerator,outputFile,output filename,,
io.swagger.codegen.v3.generators.openapi.OpenAPIYamlGenerator,sortParamsByRequiredFlag,Sort method arguments to place required parameters before optional parameters.,,
io.swagger.codegen.v3.generators.openapi.OpenAPIYamlGenerator,ensureUniqueParams,Whether to ensure parameter names are unique in an operation (rename parameters that are not).,,
io.swagger.codegen.v3.generators.openapi.OpenAPIYamlGenerator,allowUnicodeIdentifiers,"boolean, toggles whether unicode identifiers are allowed in names or not, default is false",,
io.swagger.codegen.v3.generators.openapi.OpenAPIYamlGenerator,outputFile,output filename,,
io.swagger.codegen.v3.generators.php.PhpClientCodegen,sortParamsByRequiredFlag,Sort method arguments to place required parameters before optional parameters.,,
io.swagger.codegen.v3.generators.php.PhpClientCodegen,ensureUniqueParams,Whether to ensure parameter names are unique in an operation (rename parameters that are not).,,
io.swagger.codegen.v3.generators.php.PhpClientCodegen,allowUnicodeIdentifiers,"boolean, toggles whether unicode identifiers are allowed in names or not, default is false",,
io.swagger.codegen.v3.generators.php.PhpClientCodegen,modelPackage,package for generated models,,
io.swagger.codegen.v3.generators.php.PhpClientCodegen,apiPackage,package for generated api classes,,
io.swagger.codegen.v3.generators.php.PhpClientCodegen,variableNamingConvention,"naming convention of variable name, e.g. camelCase.",,
io.swagger.codegen.v3.generators.php.PhpClientCodegen,invokerPackage,The main namespace to use for all classes. e.g. Yay\Pets,,
io.swagger.codegen.v3.generators.php.PhpClientCodegen,packagePath,The main package name for classes. e.g. GeneratedPetstore,,
io.swagger.codegen.v3.generators.php.PhpClientCodegen,srcBasePath,The directory under packagePath to serve as source root.,,
io.swagger.codegen.v3.generators.php.PhpClientCodegen,composerVendorName,The vendor name used in the composer package name. The template uses {{composerVendorName}}/{{composerProjectName}} for the composer package name. e.g. yaypets. IMPORTANT NOTE (2016/03): composerVendorName will be deprecated and replaced by gitUserId in the next swagger-codegen release,,
io.swagger.codegen.v3.generators.php.PhpClientCodegen,gitUserId,"Git user ID, e.g. swagger-api.",,
io.swagger.codegen.v3.generators.php.PhpClientCodegen,composerProjectName,The project name used in the composer package name. The template uses {{composerVendorName}}/{{composerProjectName}} for the composer package name. e.g. petstore-client. IMPORTANT NOTE (2016/03): composerProjectName will be deprecated and replaced by gitRepoId in the next swagger-codegen release,,
io.swagger.codegen.v3.generators.php.PhpClientCodegen,gitRepoId,"Git repo ID, e.g. swagger-codegen.",,
io.swagger.codegen.v3.generators.php.PhpClientCodegen,artifactVersion,The version to use in the composer package version field. e.g. 1.2.3,,
io.swagger.codegen.v3.generators.php.PhpClientCodegen,hideGenerationTimestamp,hides the timestamp when files were generated,,
io.swagger.codegen.v3.generators.python.PythonClientCodegen,packageName,python package name (convention: snake_case).,,
io.swagger.codegen.v3.generators.python.PythonClientCodegen,projectName,python project name in setup.py (e.g. petstore-api).,,
io.swagger.codegen.v3.generators.python.PythonClientCodegen,packageVersion,python package version.,,
io.swagger.codegen.v3.generators.python.PythonClientCodegen,packageUrl,python package URL.,,
io.swagger.codegen.v3.generators.python.PythonClientCodegen,sortParamsByRequiredFlag,Sort method arguments to place required parameters before optional parameters.,,
io.swagger.codegen.v3.generators.python.PythonClientCodegen,hideGenerationTimestamp,Hides the generation timestamp when files are generated.,,
io.swagger.codegen.v3.generators.python.PythonClientCodegen,library,library template (sub-template) to use,,
io.swagger.codegen.v3.generators.scala.AkkaHttpServerCodegen,sortParamsByRequiredFlag,Sort method arguments to place required parameters before optional parameters.,,
io.swagger.codegen.v3.generators.scala.AkkaHttpServerCodegen,ensureUniqueParams,Whether to ensure parameter names are unique in an operation (rename parameters that are not).,,
io.swagger.codegen.v3.generators.scala.AkkaHttpServerCodegen,allowUnicodeIdentifiers,"boolean, toggles whether unicode identifiers are allowed in names or not, default is false",,
io.swagger.codegen.v3.generators.scala.AkkaHttpServerCodegen,modelPackage,package for generated models,,
io.swagger.codegen.v3.generators.scala.AkkaHttpServerCodegen,apiPackage,package for generated api classes,,
io.swagger.codegen.v3.generators.scala.AkkaHttpServerCodegen,sourceFolder,source folder for generated code,,
io.swagger.codegen.v3.generators.scala.ScalaClientCodegen,sortParamsByRequiredFlag,Sort method arguments to place required parameters before optional parameters.,,
io.swagger.codegen.v3.generators.scala.ScalaClientCodegen,ensureUniqueParams,Whether to ensure parameter names are unique in an operation (rename parameters that are not).,,
io.swagger.codegen.v3.generators.scala.ScalaClientCodegen,allowUnicodeIdentifiers,"boolean, toggles whether unicode identifiers are allowed in names or not, default is false",,
io.swagger.codegen.v3.generators.scala.ScalaClientCodegen,modelPackage,package for generated models,,
io.swagger.codegen.v3.generators.scala.ScalaClientCodegen,apiPackage,package for generated api classes,,
io.swagger.codegen.v3.generators.scala.ScalaClientCodegen,sourceFolder,source folder for generated code,,
io.swagger.codegen.v3.generators.scala.ScalaClientCodegen,modelPropertyNaming,"Naming convention for the property: 'camelCase', 'PascalCase', 'snake_case' and 'original', which keeps the original name",,
io.swagger.codegen.v3.generators.swift.Swift3Codegen,sortParamsByRequiredFlag,Sort method arguments to place required parameters before optional parameters.,,
io.swagger.codegen.v3.generators.swift.Swift3Codegen,ensureUniqueParams,Whether to ensure parameter names are unique in an operation (rename parameters that are not).,,
io.swagger.codegen.v3.generators.swift.Swift3Codegen,allowUnicodeIdentifiers,"boolean, toggles whether unicode identifiers are allowed in names or not, default is false",,
io.swagger.codegen.v3.generators.swift.Swift3Codegen,projectName,Project name in Xcode,,
io.swagger.codegen.v3.generators.swift.Swift3Codegen,responseAs,"Optionally use libraries to manage response.  Currently PromiseKit, RxSwift are available.",,
io.swagger.codegen.v3.generators.swift.Swift3Codegen,unwrapRequired,Treat 'required' properties in response as non-optional (which would crash the app if api returns null as opposed to required option specified in json schema,,
io.swagger.codegen.v3.generators.swift.Swift3Codegen,objcCompatible,Add additional properties and methods for Objective-C compatibility (default: false),,
io.swagger.codegen.v3.generators.swift.Swift3Codegen,podSource,Source information used for Podspec,,
io.swagger.codegen.v3.generators.swift.Swift3Codegen,podVersion,Version used for Podspec,,
io.swagger.codegen.v3.generators.swift.Swift3Codegen,podAuthors,Authors used for Podspec,,
io.swagger.codegen.v3.generators.swift.Swift3Codegen,podSocialMediaURL,Social Media URL used for Podspec,,
io.swagger.codegen.v3.generators.swift.Swift3Codegen,podDocsetURL,Docset URL used for Podspec,,
io.swagger.codegen.v3.generators.swift.Swift3Codegen,podLicense,License used for Podspec,,
io.swagger.codegen.v3.generators.swift.Swift3Codegen,podHomepage,Homepage used for Podspec,,
io.swagger.codegen.v3.generators.swift.Swift3Codegen,podSummary,Summary used for Podspec,,
io.swagger.codegen.v3.generators.swift.Swift3Codegen,podDescription,Description used for Podspec,,
io.swagger.codegen.v3.generators.swift.Swift3Codegen,podScreenshots,Screenshots used for Podspec,,
io.swagger.codegen.v3.generators.swift.Swift3Codegen,podDocumentationURL,Documentation URL used for Podspec,,
io.swagger.codegen.v3.generators.swift.Swift3Codegen,swiftUseApiNamespace,Flag to make all the API classes inner-class of {{projectName}}API,,
io.swagger.codegen.v3.generators.swift.Swift3Codegen,hideGenerationTimestamp,Hides the generation timestamp when files are generated.,,
io.swagger.codegen.v3.generators.swift.Swift3Codegen,lenientTypeCast,"Accept and cast values for simple types (string->bool, string->int, int->string)",,
io.swagger.codegen.v3.generators.swift.Swift4Codegen,sortParamsByRequiredFlag,Sort method arguments to place required parameters before optional parameters.,,
io.swagger.codegen.v3.generators.swift.Swift4Codegen,ensureUniqueParams,Whether to ensure parameter names are unique in an operation (rename parameters that are not).,,
io.swagger.codegen.v3.generators.swift.Swift4Codegen,allowUnicodeIdentifiers,"boolean, toggles whether unicode identifiers are allowed in names or not, default is false",,
io.swagger.codegen.v3.generators.swift.Swift4Codegen,projectName,Project name in Xcode,,
io.swagger.codegen.v3.generators.swift.Swift4Codegen,responseAs,"Optionally use libraries to manage response.  Currently PromiseKit, RxSwift are available.",,
io.swagger.codegen.v3.generators.swift.Swift4Codegen,unwrapRequired,Treat 'required' properties in response as non-optional (which would crash the app if api returns null as opposed to required option specified in json schema,,
io.swagger.codegen.v3.generators.swift.Swift4Codegen,objcCompatible,Add additional properties and methods for Objective-C compatibility (default: false),,
io.swagger.codegen.v3.generators.swift.Swift4Codegen,podSource,Source information used for Podspec,,
io.swagger.codegen.v3.generators.swift.Swift4Codegen,podVersion,Version used for Podspec,,
io.swagger.codegen.v3.generators.swift.Swift4Codegen,podAuthors,Authors used for Podspec,,
io.swagger.codegen.v3.generators.swift.Swift4Codegen,podSocialMediaURL,Social Media URL used for Podspec,,
io.swagger.codegen.v3.generators.swift.Swift4Codegen,podDocsetURL,Docset URL used for Podspec,,
io.swagger.codegen.v3.generators.swift.Swift4Codegen,podLicense,License used for Podspec,,
io.swagger.codegen.v3.generators.swift.Swift4Codegen,podHomepage,Homepage used for Podspec,,
io.swagger.codegen.v3.generators.swift.Swift4Codegen,podSummary,Summary used for Podspec,,
io.swagger.codegen.v3.generators.swift.Swift4Codegen,podDescription,Description used for Podspec,,
io.swagger.codegen.v3.generators.swift.Swift4Codegen,podScreenshots,Screenshots used for Podspec,,
io.swagger.codegen.v3.generators.swift.Swift4Codegen,podDocumentationURL,Documentation URL used for Podspec,,
io.swagger.codegen.v3.generators.swift.Swift4Codegen,swiftUseApiNamespace,Flag to make all the API classes inner-class of {{projectName}}API,,
io.swagger.codegen.v3.generators.swift.Swift4Codegen,hideGenerationTimestamp,Hides the generation timestamp when files are generated.,,
io.swagger.codegen.v3.generators.swift.Swift4Codegen,lenientTypeCast,"Accept and cast values for simple types (string->bool, string->int, int->string)",,
io.swagger.codegen.v3.generators.typescript.TypeScriptAngularClientCodegen,sortParamsByRequiredFlag,Sort method arguments to place required parameters before optional parameters.,,
io.swagger.codegen.v3.generators.typescript.TypeScriptAngularClientCodegen,ensureUniqueParams,Whether to ensure parameter names are unique in an operation (rename parameters that are not).,,
io.swagger.codegen.v3.generators.typescript.TypeScriptAngularClientCodegen,allowUnicodeIdentifiers,"boolean, toggles whether unicode identifiers are allowed in names or not, default is false",,
io.swagger.codegen.v3.generators.typescript.TypeScriptAngularClientCodegen,modelPropertyNaming,"Naming convention for the property: 'camelCase', 'PascalCase', 'snake_case' and 'original', which keeps the original name",,
io.swagger.codegen.v3.generators.typescript.TypeScriptAngularClientCodegen,supportsES6,Generate code that conforms to ES6.,,
io.swagger.codegen.v3.generators.typescript.TypeScriptAngularClientCodegen,npmName,The name under which you want to publish generated npm package,,
io.swagger.codegen.v3.generators.typescript.TypeScriptAngularClientCodegen,npmVersion,The version of your npm package,,
io.swagger.codegen.v3.generators.typescript.TypeScriptAngularClientCodegen,npmRepository,Use this property to set an url your private npmRepo in the package.json,,
io.swagger.codegen.v3.generators.typescript.TypeScriptAngularClientCodegen,snapshot,When setting this property to true the version will be suffixed with -SNAPSHOT.yyyyMMddHHmm,,
io.swagger.codegen.v3.generators.typescript.TypeScriptAngularClientCodegen,withInterfaces,Setting this property to true will generate interfaces next to the default class implementations.,,
io.swagger.codegen.v3.generators.typescript.TypeScriptAngularClientCodegen,ngVersion,The version of Angular. Default is '4.3',,
